,ACB,BCM,BHN,BID,BVH,CTG,DXG,EIB,FPT,GAS,GEX,GVR,HCM,HDB,HPG,HSG,HVN,KBC,KDC,KDH,LPB,MBB,MSB,MSN,MWG,NVL,OCB,PDR,PLX,PNJ,POW,REE,SAB,SHP,SSB,SSI,STB,TCB,TPB,VCB,VCG,VCI,VGC,VHM,VIB,VIC,VJC,VNM,VPB,VRE,^VNINDEX
2021-07-21,1.1622031436264786,0.9282957014371191,0.5376788568999248,1.3261893547108197,1.3033800627385217,1.3192687537867462,1.3348273310806476,0.3593171329493864,1.00902617477125,1.122727601245277,0.9139465990340293,1.1344022775505802,1.5267185129718488,1.153602522665667,1.1661741409082358,1.3279675199564451,1.0386013694201097,1.1359037742074223,0.6058681580322974,0.7378075242689195,1.2143608518226774,1.2489393820134649,0.5070756756279734,0.8382160545057487,1.1084905172986395,0.23100447601351456,0.3963908884567097,0.4277354393152506,0.9719073075128779,1.1348842080103083,1.111198026285235,0.7644883377561222,0.7374350315002167,0.2225435292600186,0.1507143641441601,1.5331315125158775,1.2856755381843323,1.3007730439309633,1.016523637986863,1.0213921886080632,0.2839657103467217,1.2589326956954596,0.6459065700043157,1.1599369909152846,1.0284168846681132,1.0021576836880293,0.5802628625157852,0.8234873636494707,1.276213819811495,1.192394262147418,0.9999999999999999
